{
    "loss": 45.04424285888672,
    "accuracy": 0.5686274766921997
}