{
    "loss": 36.788330078125,
    "accuracy": 0.4313725531101227
}